Object,Probability
Object1,1.0
Object2,0.16539999999999996
Object3,0.5626
Object4,0.99
Object5,0.3963999999999999
