Object,Probability
Object1_t9,0.7884
Object2_t9,0.6301620000000001
Object3_t9,0.72238
